{"api_key":"OMO_CSNLNXUNMG70BYFMXWCS07VAXZ7KGDN9AVLZIUXRRHJKNZNW18GFXXHHB3EOEL1756728059","appId":"","power_on":true,"tiktok":{"delayClick":500,"delaySwipe":15,"loop":true,"isActive":true},"funcaptcha":{"delayClick":100,"loop":true,"isActive":true,"maxImageCaptcha":25},"zalo":{"delayClick":100,"loop":true,"isActive":true},"shopee":{"delaySwipe":15,"loop":true,"isActive":true},"reCaptchav2":{"delayClick":500,"loop":true,"isActive":true,"useToken":false},"amzn":{"delayClick":100,"loop":true,"isActive":true},"geetest":{"delayClick":500,"delaySwipe":15,"loop":true,"isActive":true},"slide_all":{"delaySwipe":15,"loop":true,"isActive":true},"hcaptcha":{"delayClick":500,"delaySwipe":15,"loop":true,"isActive":true},"cloudflare":{"delayClick":2000,"isActive":true}}